Last Name,First Name,Middle Name,Year Level,Course Code
Hernandez,Manuel,Ramirez,1,BSN
Jimenez,Beatriz,Torres,1,BSN
Lopez,Daniel,Flores,1,BSN
Martinez,Gloria,Diaz,1,BSN
Rodriguez,Francisco,Gonzales,1,BSN
Sanchez,Linda,Rivera,1,BSN
Ramirez,Alejandro,Morales,1,BSN
Valencia,Cristina,Castro,1,BSN
Tan,Michael,Santos,1,BSN
Lim,Catherine,Reyes,1,BSN
Dela Cruz,Anthony,Bautista,1,BSN
Garcia,Barbara,Villanueva,1,BSN
Santos,Carlos,Aquino,1,BSN
Reyes,Diana,Mendoza,1,BSN
Bautista,Edward,Cruz,1,BSN
Villanueva,Fiona,Ramos,1,BSN
Aquino,Gabriel,Gonzales,1,BSN
Mendoza,Helen,Rivera,1,BSN
Cruz,Ivan,Morales,1,BSN
Ramos,Jennifer,Castro,1,BSN
Gonzales,Kenneth,Torres,1,BSN
Rivera,Liza,Flores,1,BSN
Morales,Mario,Diaz,1,BSN
Castro,Nora,Perez,1,BSN
Torres,Oscar,Hernandez,1,BSN
Flores,Patricia,Jimenez,1,BSN
Diaz,Quincy,Lopez,1,BSN
Perez,Rosa,Martinez,1,BSN
Gutierrez,Steven,Rodriguez,1,BSN
Jimenez,Tina,Sanchez,1,BSN
Lopez,Victor,Ramirez,1,BSN
Martinez,Wendy,Valencia,1,BSN
Rodriguez,Xavier,Tan,1,BSN
Sanchez,Yvonne,Lim,1,BSN
Ramirez,Zack,Dela Cruz,1,BSN
Valencia,Amy,Garcia,1,BSN
Tan,Bryan,Santos,1,BSN
Lim,Carla,Reyes,1,BSN
Santiago,Dennis,Bautista,1,BSN
Navarro,Emma,Villanueva,1,BSN
Ong,Felix,Aquino,1,BSN
Sy,Grace,Mendoza,1,BSN
Chua,Henry,Cruz,1,BSN
Go,Iris,Ramos,1,BSN
Ng,Jason,Gonzales,1,BSN
Lee,Karen,Rivera,1,BSN
Chan,Leo,Morales,1,BSN
Yap,Maria,Castro,1,BSN
Tiu,Nathan,Torres,1,BSN
Koh,Olivia,Flores,1,BSN
Lau,Peter,Diaz,1,BSN
Chiu,Queenie,Perez,1,BSN
Wong,Robert,Hernandez,1,BSN
Ang,Susan,Jimenez,1,BSN
Uy,Thomas,Lopez,1,BSN
Velasco,Una,Martinez,1,BSN
Fernandez,Vincent,Rodriguez,1,BSN
Silva,Wilma,Sanchez,1,BSN
Ocampo,William,Ramirez,1,BSN
Ponce,Ximena,Valencia,1,BSN
Magno,Yuri,Tan,1,BSN
Domingo,Zachary,Lim,1,BSN
Alvarez,Alice,Santiago,1,BSN
Castillo,Bernard,Navarro,1,BSN
Pascual,Cecilia,Ong,1,BSN
Ortega,David,Sy,1,BSN
Medina,Elena,Chua,1,BSN
Salazar,Francis,Go,1,BSN
Romero,Gina,Ng,1,BSN
Torres,Harold,Lee,1,BSN
Aguilar,Irene,Chan,1,BSN
Mendez,Jacob,Yap,1,BSN
Valdez,Kelly,Tiu,1,BSN
Soriano,Lance,Koh,1,BSN
Mercado,Michelle,Lau,1,BSN
Espinosa,Neil,Chiu,1,BSN
Dela Paz,Ophelia,Wong,1,BSN
Galang,Paul,Ang,1,BSN
Cordero,Quinn,Uy,1,BSN
Rosales,Richard,Velasco,1,BSN
Pena,Sarah,Fernandez,1,BSN
Vargas,Timothy,Silva,1,BSN
Delgado,Ursula,Ocampo,1,BSN
Coronel,Vernon,Ponce,1,BSN
Manalo,Vanessa,Magno,1,BSN
Esteban,Warren,Domingo,1,BSN
Lazo,Xena,Alvarez,1,BSN
Gomez,Yale,Castillo,1,BSN
Figueroa,Zara,Pascual,1,BSN
Campos,Aaron,Ortega,1,BSN
Rosario,Bella,Medina,1,BSN
Suarez,Carl,Salazar,1,BSN
Padilla,Donna,Romero,1,BSN
Cortez,Ethan,Aguilar,1,BSN
Moreno,Faith,Mendez,1,BSN
Santiago,George,Valdez,1,BSN
Navarro,Hannah,Soriano,1,BSN
